player_id,team_id,player_name,team,position,goalkeeper_saves,goalkeeper_defensive_actions_inside_penalty_area,goalkeeper_defensive_actions_outside_penalty_area,source_tab,story_id,classification
419459,285023_43834,Mahmoud Abunada,Qatar,GK,16,124,103,goalkeeping,urn:gd:story:classification:gcp_goalkeeping:competitionId:285023:goalkeeper_defensive_actions_inside_penalty_area:rank_asc:page:1,urn:gd:story:classification:gcp_goalkeeping:competitionId:285023:goalkeeper_defensive_actions_inside_penalty_area:rank_asc:page:1
368535,285023_43978,Max Crocombe,New Zealand,GK,11,97,88,goalkeeping,urn:gd:story:classification:gcp_goalkeeping:competitionId:285023:goalkeeper_defensive_actions_inside_penalty_area:rank_asc:page:1,urn:gd:story:classification:gcp_goalkeeping:competitionId:285023:goalkeeper_defensive_actions_inside_penalty_area:rank_asc:page:1
364752,285023_43850,Vozinha,Cabo Verde,GK,10,96,71,goalkeeping,urn:gd:story:classification:gcp_goalkeeping:competitionId:285023:goalkeeper_defensive_actions_inside_penalty_area:rank_asc:page:1,urn:gd:story:classification:gcp_goalkeeping:competitionId:285023:goalkeeper_defensive_actions_inside_penalty_area:rank_asc:page:1
494531,285023_43928,Orlando Gill,Paraguay,GK,17,87,77,goalkeeping,urn:gd:story:classification:gcp_goalkeeping:competitionId:285023:goalkeeper_defensive_actions_inside_penalty_area:rank_asc:page:1,urn:gd:story:classification:gcp_goalkeeping:competitionId:285023:goalkeeper_defensive_actions_inside_penalty_area:rank_asc:page:1
396885,285023_43835,Mohammed Alowais,Saudi Arabia,GK,17,86,78,goalkeeping,urn:gd:story:classification:gcp_goalkeeping:competitionId:285023:goalkeeper_defensive_actions_inside_penalty_area:rank_asc:page:1,urn:gd:story:classification:gcp_goalkeeping:competitionId:285023:goalkeeper_defensive_actions_inside_penalty_area:rank_asc:page:1
390650,285023_1895293,Eloy Room,Curaçao,GK,21,81,72,goalkeeping,urn:gd:story:classification:gcp_goalkeeping:competitionId:285023:goalkeeper_defensive_actions_inside_penalty_area:rank_asc:page:1,urn:gd:story:classification:gcp_goalkeeping:competitionId:285023:goalkeeper_defensive_actions_inside_penalty_area:rank_asc:page:1
405530,285023_43819,Zion Suzuki,Japan,GK,17,78,64,goalkeeping,urn:gd:story:classification:gcp_goalkeeping:competitionId:285023:goalkeeper_defensive_actions_inside_penalty_area:rank_asc:page:1,urn:gd:story:classification:gcp_goalkeeping:competitionId:285023:goalkeeper_defensive_actions_inside_penalty_area:rank_asc:page:1
380007,285023_43817,Alireza Beiranvand,IR Iran,GK,15,75,65,goalkeeping,urn:gd:story:classification:gcp_goalkeeping:competitionId:285023:goalkeeper_defensive_actions_inside_penalty_area:rank_asc:page:1,urn:gd:story:classification:gcp_goalkeeping:competitionId:285023:goalkeeper_defensive_actions_inside_penalty_area:rank_asc:page:1
411301,285023_43967,Angus Gunn,Scotland,GK,9,75,64,goalkeeping,urn:gd:story:classification:gcp_goalkeeping:competitionId:285023:goalkeeper_defensive_actions_inside_penalty_area:rank_asc:page:1,urn:gd:story:classification:gcp_goalkeeping:competitionId:285023:goalkeeper_defensive_actions_inside_penalty_area:rank_asc:page:1
405873,285023_43854,Yahia Fofana,Côte d'Ivoire,GK,9,72,58,goalkeeping,urn:gd:story:classification:gcp_goalkeeping:competitionId:285023:goalkeeper_defensive_actions_inside_penalty_area:rank_asc:page:1,urn:gd:story:classification:gcp_goalkeeping:competitionId:285023:goalkeeper_defensive_actions_inside_penalty_area:rank_asc:page:1
395986,285023_43883,Ronwen Williams,South Africa,GK,14,72,59,goalkeeping,urn:gd:story:classification:gcp_goalkeeping:competitionId:285023:goalkeeper_defensive_actions_inside_penalty_area:rank_asc:page:1,urn:gd:story:classification:gcp_goalkeeping:competitionId:285023:goalkeeper_defensive_actions_inside_penalty_area:rank_asc:page:1
482978,285023_44037,Nikola Vasilj,Bosnia and Herzegovina,GK,8,71,55,goalkeeping,urn:gd:story:classification:gcp_goalkeeping:competitionId:285023:goalkeeper_defensive_actions_inside_penalty_area:rank_asc:page:1,urn:gd:story:classification:gcp_goalkeeping:competitionId:285023:goalkeeper_defensive_actions_inside_penalty_area:rank_asc:page:1
397894,285023_43820,Yazeed Abulaila,Jordan,GK,8,70,56,goalkeeping,urn:gd:story:classification:gcp_goalkeeping:competitionId:285023:goalkeeper_defensive_actions_inside_penalty_area:rank_asc:page:1,urn:gd:story:classification:gcp_goalkeeping:competitionId:285023:goalkeeper_defensive_actions_inside_penalty_area:rank_asc:page:1
494557,285023_43976,Patrick Beach,Australia,GK,11,65,56,goalkeeping,urn:gd:story:classification:gcp_goalkeeping:competitionId:285023:goalkeeper_defensive_actions_inside_penalty_area:rank_asc:page:1,urn:gd:story:classification:gcp_goalkeeping:competitionId:285023:goalkeeper_defensive_actions_inside_penalty_area:rank_asc:page:1
416906,285023_43855,Mostafa Shoubir,Egypt,GK,9,64,56,goalkeeping,urn:gd:story:classification:gcp_goalkeeping:competitionId:285023:goalkeeper_defensive_actions_inside_penalty_area:rank_asc:page:1,urn:gd:story:classification:gcp_goalkeeping:competitionId:285023:goalkeeper_defensive_actions_inside_penalty_area:rank_asc:page:1
403001,285023_43963,Diogo Costa,Portugal,GK,9,63,54,goalkeeping,urn:gd:story:classification:gcp_goalkeeping:competitionId:285023:goalkeeper_defensive_actions_inside_penalty_area:rank_asc:page:1,urn:gd:story:classification:gcp_goalkeeping:competitionId:285023:goalkeeper_defensive_actions_inside_penalty_area:rank_asc:page:1
484012,285023_43995,Matej Kovar,Czechia,GK,11,60,52,goalkeeping,urn:gd:story:classification:gcp_goalkeeping:competitionId:285023:goalkeeper_defensive_actions_inside_penalty_area:rank_asc:page:1,urn:gd:story:classification:gcp_goalkeeping:competitionId:285023:goalkeeper_defensive_actions_inside_penalty_area:rank_asc:page:1
369029,285023_43938,Dominik Livakovic,Croatia,GK,11,59,48,goalkeeping,urn:gd:story:classification:gcp_goalkeeping:competitionId:285023:goalkeeper_defensive_actions_inside_penalty_area:rank_asc:page:1,urn:gd:story:classification:gcp_goalkeeping:competitionId:285023:goalkeeper_defensive_actions_inside_penalty_area:rank_asc:page:1
295922,285023_43908,Johny Placide,Haiti,GK,13,56,48,goalkeeping,urn:gd:story:classification:gcp_goalkeeping:competitionId:285023:goalkeeper_defensive_actions_inside_penalty_area:rank_asc:page:1,urn:gd:story:classification:gcp_goalkeeping:competitionId:285023:goalkeeper_defensive_actions_inside_penalty_area:rank_asc:page:1
494349,285023_43860,Benjamin Asare,Ghana,GK,8,55,47,goalkeeping,urn:gd:story:classification:gcp_goalkeeping:competitionId:285023:goalkeeper_defensive_actions_inside_penalty_area:rank_asc:page:1,urn:gd:story:classification:gcp_goalkeeping:competitionId:285023:goalkeeper_defensive_actions_inside_penalty_area:rank_asc:page:1
441313,285023_20014,Lionel Mpasi,Congo DR,GK,10,55,45,goalkeeping,urn:gd:story:classification:gcp_goalkeeping:competitionId:285023:goalkeeper_defensive_actions_inside_penalty_area:rank_asc:page:1,urn:gd:story:classification:gcp_goalkeeping:competitionId:285023:goalkeeper_defensive_actions_inside_penalty_area:rank_asc:page:1
441181,285023_43972,Ugurcan Cakir,Türkiye,GK,8,55,46,goalkeeping,urn:gd:story:classification:gcp_goalkeeping:competitionId:285023:goalkeeper_defensive_actions_inside_penalty_area:rank_asc:page:1,urn:gd:story:classification:gcp_goalkeeping:competitionId:285023:goalkeeper_defensive_actions_inside_penalty_area:rank_asc:page:1
479110,285023_44005,Abduvohid Nematov,Uzbekistan,GK,5,55,44,goalkeeping,urn:gd:story:classification:gcp_goalkeeping:competitionId:285023:goalkeeper_defensive_actions_inside_penalty_area:rank_asc:page:1,urn:gd:story:classification:gcp_goalkeeping:competitionId:285023:goalkeeper_defensive_actions_inside_penalty_area:rank_asc:page:1
308370,285023_43924,Alisson,Brazil,GK,12,54,47,goalkeeping,urn:gd:story:classification:gcp_goalkeeping:competitionId:285023:goalkeeper_defensive_actions_inside_penalty_area:rank_asc:page:1,urn:gd:story:classification:gcp_goalkeeping:competitionId:285023:goalkeeper_defensive_actions_inside_penalty_area:rank_asc:page:1
358106,285023_43935,Thibaut Courtois,Belgium,GK,8,52,42,goalkeeping,urn:gd:story:classification:gcp_goalkeeping:competitionId:285023:goalkeeper_defensive_actions_inside_penalty_area:rank_asc:page:1,urn:gd:story:classification:gcp_goalkeeping:competitionId:285023:goalkeeper_defensive_actions_inside_penalty_area:rank_asc:page:1
433365,285023_43888,Aymen Dahmen,Tunisia,GK,6,51,44,goalkeeping,urn:gd:story:classification:gcp_goalkeeping:competitionId:285023:goalkeeper_defensive_actions_inside_penalty_area:rank_asc:page:1,urn:gd:story:classification:gcp_goalkeeping:competitionId:285023:goalkeeper_defensive_actions_inside_penalty_area:rank_asc:page:1
441236,285023_43927,Hernan Galindez,Ecuador,GK,11,51,47,goalkeeping,urn:gd:story:classification:gcp_goalkeeping:competitionId:285023:goalkeeper_defensive_actions_inside_penalty_area:rank_asc:page:1,urn:gd:story:classification:gcp_goalkeeping:competitionId:285023:goalkeeper_defensive_actions_inside_penalty_area:rank_asc:page:1
347085,285023_43818,Jalal Hassan,Iraq,GK,7,51,45,goalkeeping,urn:gd:story:classification:gcp_goalkeeping:competitionId:285023:goalkeeper_defensive_actions_inside_penalty_area:rank_asc:page:1,urn:gd:story:classification:gcp_goalkeeping:competitionId:285023:goalkeeper_defensive_actions_inside_penalty_area:rank_asc:page:1
228912,285023_43948,Manuel Neuer,Germany,GK,3,50,36,goalkeeping,urn:gd:story:classification:gcp_goalkeeping:competitionId:285023:goalkeeper_defensive_actions_inside_penalty_area:rank_asc:page:1,urn:gd:story:classification:gcp_goalkeeping:competitionId:285023:goalkeeper_defensive_actions_inside_penalty_area:rank_asc:page:1
371739,285023_43934,Alexander Schlager,Austria,GK,8,49,44,goalkeeping,urn:gd:story:classification:gcp_goalkeeping:competitionId:285023:goalkeeper_defensive_actions_inside_penalty_area:rank_asc:page:1,urn:gd:story:classification:gcp_goalkeeping:competitionId:285023:goalkeeper_defensive_actions_inside_penalty_area:rank_asc:page:1
441241,285023_43914,Orlando Mosquera,Panama,GK,9,48,42,goalkeeping,urn:gd:story:classification:gcp_goalkeeping:competitionId:285023:goalkeeper_defensive_actions_inside_penalty_area:rank_asc:page:1,urn:gd:story:classification:gcp_goalkeeping:competitionId:285023:goalkeeper_defensive_actions_inside_penalty_area:rank_asc:page:1
336022,285023_43942,Jordan Pickford,England,GK,5,45,35,goalkeeping,urn:gd:story:classification:gcp_goalkeeping:competitionId:285023:goalkeeper_defensive_actions_inside_penalty_area:rank_asc:page:1,urn:gd:story:classification:gcp_goalkeeping:competitionId:285023:goalkeeper_defensive_actions_inside_penalty_area:rank_asc:page:1
356956,285023_43872,Yassine Bounou,Morocco,GK,7,45,39,goalkeeping,urn:gd:story:classification:gcp_goalkeeping:competitionId:285023:goalkeeper_defensive_actions_inside_penalty_area:rank_asc:page:1,urn:gd:story:classification:gcp_goalkeeping:competitionId:285023:goalkeeper_defensive_actions_inside_penalty_area:rank_asc:page:1
424081,285023_43960,Bart Verbruggen,Netherlands,GK,12,44,41,goalkeeping,urn:gd:story:classification:gcp_goalkeeping:competitionId:285023:goalkeeper_defensive_actions_inside_penalty_area:rank_asc:page:1,urn:gd:story:classification:gcp_goalkeeping:competitionId:285023:goalkeeper_defensive_actions_inside_penalty_area:rank_asc:page:1
433571,285023_43818,Ahmed Basil,Iraq,GK,3,43,36,goalkeeping,urn:gd:story:classification:gcp_goalkeeping:competitionId:285023:goalkeeper_defensive_actions_inside_penalty_area:rank_asc:page:1,urn:gd:story:classification:gcp_goalkeeping:competitionId:285023:goalkeeper_defensive_actions_inside_penalty_area:rank_asc:page:1
430753,285023_43969,Unai Simon,Spain,GK,6,43,31,goalkeeping,urn:gd:story:classification:gcp_goalkeeping:competitionId:285023:goalkeeper_defensive_actions_inside_penalty_area:rank_asc:page:1,urn:gd:story:classification:gcp_goalkeeping:competitionId:285023:goalkeeper_defensive_actions_inside_penalty_area:rank_asc:page:1
331732,285023_43899,Maxime Crepeau,Canada,GK,6,43,34,goalkeeping,urn:gd:story:classification:gcp_goalkeeping:competitionId:285023:goalkeeper_defensive_actions_inside_penalty_area:rank_asc:page:1,urn:gd:story:classification:gcp_goalkeeping:competitionId:285023:goalkeeper_defensive_actions_inside_penalty_area:rank_asc:page:1
274281,285023_43822,Kim Seunggyu,Korea Republic,GK,11,42,34,goalkeeping,urn:gd:story:classification:gcp_goalkeeping:competitionId:285023:goalkeeper_defensive_actions_inside_penalty_area:rank_asc:page:1,urn:gd:story:classification:gcp_goalkeeping:competitionId:285023:goalkeeper_defensive_actions_inside_penalty_area:rank_asc:page:1
229498,285023_43930,Fernando Muslera,Uruguay,GK,4,41,34,goalkeeping,urn:gd:story:classification:gcp_goalkeeping:competitionId:285023:goalkeeper_defensive_actions_inside_penalty_area:rank_asc:page:1,urn:gd:story:classification:gcp_goalkeeping:competitionId:285023:goalkeeper_defensive_actions_inside_penalty_area:rank_asc:page:1
373235,285023_43961,Orjan Nyland,Norway,GK,3,38,33,goalkeeping,urn:gd:story:classification:gcp_goalkeeping:competitionId:285023:goalkeeper_defensive_actions_inside_penalty_area:rank_asc:page:1,urn:gd:story:classification:gcp_goalkeeping:competitionId:285023:goalkeeper_defensive_actions_inside_penalty_area:rank_asc:page:1
448107,285023_43971,Gregor Kobel,Switzerland,GK,11,38,34,goalkeeping,urn:gd:story:classification:gcp_goalkeeping:competitionId:285023:goalkeeper_defensive_actions_inside_penalty_area:rank_asc:page:1,urn:gd:story:classification:gcp_goalkeeping:competitionId:285023:goalkeeper_defensive_actions_inside_penalty_area:rank_asc:page:1
360642,285023_43926,Camilo Vargas,Colombia,GK,5,37,36,goalkeeping,urn:gd:story:classification:gcp_goalkeeping:competitionId:285023:goalkeeper_defensive_actions_inside_penalty_area:rank_asc:page:1,urn:gd:story:classification:gcp_goalkeeping:competitionId:285023:goalkeeper_defensive_actions_inside_penalty_area:rank_asc:page:1
485070,285023_43911,Raul Rangel,Mexico,GK,5,35,28,goalkeeping,urn:gd:story:classification:gcp_goalkeeping:competitionId:285023:goalkeeper_defensive_actions_inside_penalty_area:rank_asc:page:1,urn:gd:story:classification:gcp_goalkeeping:competitionId:285023:goalkeeper_defensive_actions_inside_penalty_area:rank_asc:page:1
433806,285023_43879,Edouard Mendy,Senegal,GK,8,34,25,goalkeeping,urn:gd:story:classification:gcp_goalkeeping:competitionId:285023:goalkeeper_defensive_actions_inside_penalty_area:rank_asc:page:1,urn:gd:story:classification:gcp_goalkeeping:competitionId:285023:goalkeeper_defensive_actions_inside_penalty_area:rank_asc:page:1
308300,285023_43922,Emiliano Martinez,Argentina,GK,1,31,26,goalkeeping,urn:gd:story:classification:gcp_goalkeeping:competitionId:285023:goalkeeper_defensive_actions_inside_penalty_area:rank_asc:page:1,urn:gd:story:classification:gcp_goalkeeping:competitionId:285023:goalkeeper_defensive_actions_inside_penalty_area:rank_asc:page:1
448332,285023_43946,Mike Maignan,France,GK,5,29,26,goalkeeping,urn:gd:story:classification:gcp_goalkeeping:competitionId:285023:goalkeeper_defensive_actions_inside_penalty_area:rank_asc:page:1,urn:gd:story:classification:gcp_goalkeeping:competitionId:285023:goalkeeper_defensive_actions_inside_penalty_area:rank_asc:page:1
479077,285023_44005,Utkir Yusupov,Uzbekistan,GK,1,27,21,goalkeeping,urn:gd:story:classification:gcp_goalkeeping:competitionId:285023:goalkeeper_defensive_actions_inside_penalty_area:rank_asc:page:1,urn:gd:story:classification:gcp_goalkeeping:competitionId:285023:goalkeeper_defensive_actions_inside_penalty_area:rank_asc:page:1
520245,285023_43888,Mouhib Chamakh,Tunisia,GK,1,26,20,goalkeeping,urn:gd:story:classification:gcp_goalkeeping:competitionId:285023:goalkeeper_defensive_actions_inside_penalty_area:rank_asc:page:1,urn:gd:story:classification:gcp_goalkeeping:competitionId:285023:goalkeeper_defensive_actions_inside_penalty_area:rank_asc:page:1
483535,285023_43961,Egil Selvik,Norway,GK,5,25,22,goalkeeping,urn:gd:story:classification:gcp_goalkeeping:competitionId:285023:goalkeeper_defensive_actions_inside_penalty_area:rank_asc:page:1,urn:gd:story:classification:gcp_goalkeeping:competitionId:285023:goalkeeper_defensive_actions_inside_penalty_area:rank_asc:page:1
360496,285023_43970,Kristoffer Nordfeldt,Sweden,GK,4,22,20,goalkeeping,urn:gd:story:classification:gcp_goalkeeping:competitionId:285023:goalkeeper_defensive_actions_inside_penalty_area:rank_asc:page:1,urn:gd:story:classification:gcp_goalkeeping:competitionId:285023:goalkeeper_defensive_actions_inside_penalty_area:rank_asc:page:1
389879,285023_43843,Luca Zidane,Algeria,GK,6,22,20,goalkeeping,urn:gd:story:classification:gcp_goalkeeping:competitionId:285023:goalkeeper_defensive_actions_inside_penalty_area:rank_asc:page:2,urn:gd:story:classification:gcp_goalkeeping:competitionId:285023:goalkeeper_defensive_actions_inside_penalty_area:rank_asc:page:2
448217,285023_43921,Matt Turner,USA,GK,0,21,17,goalkeeping,urn:gd:story:classification:gcp_goalkeeping:competitionId:285023:goalkeeper_defensive_actions_inside_penalty_area:rank_asc:page:2,urn:gd:story:classification:gcp_goalkeeping:competitionId:285023:goalkeeper_defensive_actions_inside_penalty_area:rank_asc:page:2
489685,285023_43970,Jacob Widell Zetterstrom,Sweden,GK,2,20,15,goalkeeping,urn:gd:story:classification:gcp_goalkeeping:competitionId:285023:goalkeeper_defensive_actions_inside_penalty_area:rank_asc:page:2,urn:gd:story:classification:gcp_goalkeeping:competitionId:285023:goalkeeper_defensive_actions_inside_penalty_area:rank_asc:page:2
448821,285023_43879,Mory Diaw,Senegal,GK,1,19,15,goalkeeping,urn:gd:story:classification:gcp_goalkeeping:competitionId:285023:goalkeeper_defensive_actions_inside_penalty_area:rank_asc:page:2,urn:gd:story:classification:gcp_goalkeeping:competitionId:285023:goalkeeper_defensive_actions_inside_penalty_area:rank_asc:page:2
499913,285023_43921,Matt Freese,USA,GK,3,17,15,goalkeeping,urn:gd:story:classification:gcp_goalkeeping:competitionId:285023:goalkeeper_defensive_actions_inside_penalty_area:rank_asc:page:2,urn:gd:story:classification:gcp_goalkeeping:competitionId:285023:goalkeeper_defensive_actions_inside_penalty_area:rank_asc:page:2
477817,285023_43843,Oussama Benbot,Algeria,GK,0,14,13,goalkeeping,urn:gd:story:classification:gcp_goalkeeping:competitionId:285023:goalkeeper_defensive_actions_inside_penalty_area:rank_asc:page:2,urn:gd:story:classification:gcp_goalkeeping:competitionId:285023:goalkeeper_defensive_actions_inside_penalty_area:rank_asc:page:2
386473,285023_43860,Lawrence Ati Zigi,Ghana,GK,1,9,8,goalkeeping,urn:gd:story:classification:gcp_goalkeeping:competitionId:285023:goalkeeper_defensive_actions_inside_penalty_area:rank_asc:page:2,urn:gd:story:classification:gcp_goalkeeping:competitionId:285023:goalkeeper_defensive_actions_inside_penalty_area:rank_asc:page:2
368664,285023_43930,Sergio Rochet,Uruguay,GK,0,7,5,goalkeeping,urn:gd:story:classification:gcp_goalkeeping:competitionId:285023:goalkeeper_defensive_actions_inside_penalty_area:rank_asc:page:2,urn:gd:story:classification:gcp_goalkeeping:competitionId:285023:goalkeeper_defensive_actions_inside_penalty_area:rank_asc:page:2
215285,285023_43911,Guillermo Ochoa,Mexico,GK,0,3,3,goalkeeping,urn:gd:story:classification:gcp_goalkeeping:competitionId:285023:goalkeeper_defensive_actions_inside_penalty_area:rank_asc:page:2,urn:gd:story:classification:gcp_goalkeeping:competitionId:285023:goalkeeper_defensive_actions_inside_penalty_area:rank_asc:page:2
441260,285023_43911,Carlos Acevedo,Mexico,GK,0,0,0,goalkeeping,urn:gd:story:classification:gcp_goalkeeping:competitionId:285023:goalkeeper_defensive_actions_inside_penalty_area:rank_asc:page:2,urn:gd:story:classification:gcp_goalkeeping:competitionId:285023:goalkeeper_defensive_actions_inside_penalty_area:rank_asc:page:2
267702,285023_43914,Luis Mejia,Panama,GK,0,0,0,goalkeeping,urn:gd:story:classification:gcp_goalkeeping:competitionId:285023:goalkeeper_defensive_actions_inside_penalty_area:rank_asc:page:2,urn:gd:story:classification:gcp_goalkeeping:competitionId:285023:goalkeeper_defensive_actions_inside_penalty_area:rank_asc:page:2
441402,285023_43914,Cesar Samudio,Panama,GK,0,0,0,goalkeeping,urn:gd:story:classification:gcp_goalkeeping:competitionId:285023:goalkeeper_defensive_actions_inside_penalty_area:rank_asc:page:2,urn:gd:story:classification:gcp_goalkeeping:competitionId:285023:goalkeeper_defensive_actions_inside_penalty_area:rank_asc:page:2
402897,285023_43930,Santiago Mele,Uruguay,GK,0,0,0,goalkeeping,urn:gd:story:classification:gcp_goalkeeping:competitionId:285023:goalkeeper_defensive_actions_inside_penalty_area:rank_asc:page:2,urn:gd:story:classification:gcp_goalkeeping:competitionId:285023:goalkeeper_defensive_actions_inside_penalty_area:rank_asc:page:2
464546,285023_43921,Chris Brady,USA,GK,0,0,0,goalkeeping,urn:gd:story:classification:gcp_goalkeeping:competitionId:285023:goalkeeper_defensive_actions_inside_penalty_area:rank_asc:page:2,urn:gd:story:classification:gcp_goalkeeping:competitionId:285023:goalkeeper_defensive_actions_inside_penalty_area:rank_asc:page:2
394824,285023_43922,Geronimo Rulli,Argentina,GK,0,0,0,goalkeeping,urn:gd:story:classification:gcp_goalkeeping:competitionId:285023:goalkeeper_defensive_actions_inside_penalty_area:rank_asc:page:2,urn:gd:story:classification:gcp_goalkeeping:competitionId:285023:goalkeeper_defensive_actions_inside_penalty_area:rank_asc:page:2
430624,285023_43922,Juan Musso,Argentina,GK,0,0,0,goalkeeping,urn:gd:story:classification:gcp_goalkeeping:competitionId:285023:goalkeeper_defensive_actions_inside_penalty_area:rank_asc:page:2,urn:gd:story:classification:gcp_goalkeeping:competitionId:285023:goalkeeper_defensive_actions_inside_penalty_area:rank_asc:page:2
395427,285023_43924,Ederson,Brazil,GK,0,0,0,goalkeeping,urn:gd:story:classification:gcp_goalkeeping:competitionId:285023:goalkeeper_defensive_actions_inside_penalty_area:rank_asc:page:2,urn:gd:story:classification:gcp_goalkeeping:competitionId:285023:goalkeeper_defensive_actions_inside_penalty_area:rank_asc:page:2
396315,285023_43924,Weverton,Brazil,GK,0,0,0,goalkeeping,urn:gd:story:classification:gcp_goalkeeping:competitionId:285023:goalkeeper_defensive_actions_inside_penalty_area:rank_asc:page:2,urn:gd:story:classification:gcp_goalkeeping:competitionId:285023:goalkeeper_defensive_actions_inside_penalty_area:rank_asc:page:2
447991,285023_43928,Gaston Olveira,Paraguay,GK,0,0,0,goalkeeping,urn:gd:story:classification:gcp_goalkeeping:competitionId:285023:goalkeeper_defensive_actions_inside_penalty_area:rank_asc:page:2,urn:gd:story:classification:gcp_goalkeeping:competitionId:285023:goalkeeper_defensive_actions_inside_penalty_area:rank_asc:page:2
228686,285023_43926,David Ospina,Colombia,GK,0,0,0,goalkeeping,urn:gd:story:classification:gcp_goalkeeping:competitionId:285023:goalkeeper_defensive_actions_inside_penalty_area:rank_asc:page:2,urn:gd:story:classification:gcp_goalkeeping:competitionId:285023:goalkeeper_defensive_actions_inside_penalty_area:rank_asc:page:2
385998,285023_43926,Alvaro Montero,Colombia,GK,0,0,0,goalkeeping,urn:gd:story:classification:gcp_goalkeeping:competitionId:285023:goalkeeper_defensive_actions_inside_penalty_area:rank_asc:page:2,urn:gd:story:classification:gcp_goalkeeping:competitionId:285023:goalkeeper_defensive_actions_inside_penalty_area:rank_asc:page:2
318647,285023_43928,Gatito Fernandez,Paraguay,GK,0,0,0,goalkeeping,urn:gd:story:classification:gcp_goalkeeping:competitionId:285023:goalkeeper_defensive_actions_inside_penalty_area:rank_asc:page:2,urn:gd:story:classification:gcp_goalkeeping:competitionId:285023:goalkeeper_defensive_actions_inside_penalty_area:rank_asc:page:2
419002,285023_43927,Moises Ramirez,Ecuador,GK,0,0,0,goalkeeping,urn:gd:story:classification:gcp_goalkeeping:competitionId:285023:goalkeeper_defensive_actions_inside_penalty_area:rank_asc:page:2,urn:gd:story:classification:gcp_goalkeeping:competitionId:285023:goalkeeper_defensive_actions_inside_penalty_area:rank_asc:page:2
448295,285023_43927,Gonzalo Valle,Ecuador,GK,0,0,0,goalkeeping,urn:gd:story:classification:gcp_goalkeeping:competitionId:285023:goalkeeper_defensive_actions_inside_penalty_area:rank_asc:page:2,urn:gd:story:classification:gcp_goalkeeping:competitionId:285023:goalkeeper_defensive_actions_inside_penalty_area:rank_asc:page:2
402022,285023_43971,Yvon Mvogo,Switzerland,GK,0,0,0,goalkeeping,urn:gd:story:classification:gcp_goalkeeping:competitionId:285023:goalkeeper_defensive_actions_inside_penalty_area:rank_asc:page:2,urn:gd:story:classification:gcp_goalkeeping:competitionId:285023:goalkeeper_defensive_actions_inside_penalty_area:rank_asc:page:2
442429,285023_43967,Liam Kelly,Scotland,GK,0,0,0,goalkeeping,urn:gd:story:classification:gcp_goalkeeping:competitionId:285023:goalkeeper_defensive_actions_inside_penalty_area:rank_asc:page:2,urn:gd:story:classification:gcp_goalkeeping:competitionId:285023:goalkeeper_defensive_actions_inside_penalty_area:rank_asc:page:2
484691,285023_43969,Joan Garcia,Spain,GK,0,0,0,goalkeeping,urn:gd:story:classification:gcp_goalkeeping:competitionId:285023:goalkeeper_defensive_actions_inside_penalty_area:rank_asc:page:2,urn:gd:story:classification:gcp_goalkeeping:competitionId:285023:goalkeeper_defensive_actions_inside_penalty_area:rank_asc:page:2
339117,285023_43976,Mathew Ryan,Australia,GK,0,0,0,goalkeeping,urn:gd:story:classification:gcp_goalkeeping:competitionId:285023:goalkeeper_defensive_actions_inside_penalty_area:rank_asc:page:2,urn:gd:story:classification:gcp_goalkeeping:competitionId:285023:goalkeeper_defensive_actions_inside_penalty_area:rank_asc:page:2
360498,285023_43972,Mert Gunok,Türkiye,GK,0,0,0,goalkeeping,urn:gd:story:classification:gcp_goalkeeping:competitionId:285023:goalkeeper_defensive_actions_inside_penalty_area:rank_asc:page:2,urn:gd:story:classification:gcp_goalkeeping:competitionId:285023:goalkeeper_defensive_actions_inside_penalty_area:rank_asc:page:2
390218,285023_43978,Michael Woud,New Zealand,GK,0,0,0,goalkeeping,urn:gd:story:classification:gcp_goalkeeping:competitionId:285023:goalkeeper_defensive_actions_inside_penalty_area:rank_asc:page:2,urn:gd:story:classification:gcp_goalkeeping:competitionId:285023:goalkeeper_defensive_actions_inside_penalty_area:rank_asc:page:2
483264,285023_43970,Viktor Johansson,Sweden,GK,0,0,0,goalkeeping,urn:gd:story:classification:gcp_goalkeeping:competitionId:285023:goalkeeper_defensive_actions_inside_penalty_area:rank_asc:page:2,urn:gd:story:classification:gcp_goalkeeping:competitionId:285023:goalkeeper_defensive_actions_inside_penalty_area:rank_asc:page:2
484862,285023_43971,Marvin Keller,Switzerland,GK,0,0,0,goalkeeping,urn:gd:story:classification:gcp_goalkeeping:competitionId:285023:goalkeeper_defensive_actions_inside_penalty_area:rank_asc:page:2,urn:gd:story:classification:gcp_goalkeeping:competitionId:285023:goalkeeper_defensive_actions_inside_penalty_area:rank_asc:page:2
441162,285023_43995,Jindrich Stanek,Czechia,GK,0,0,0,goalkeeping,urn:gd:story:classification:gcp_goalkeeping:competitionId:285023:goalkeeper_defensive_actions_inside_penalty_area:rank_asc:page:2,urn:gd:story:classification:gcp_goalkeeping:competitionId:285023:goalkeeper_defensive_actions_inside_penalty_area:rank_asc:page:2
441180,285023_43972,Altay Bayindir,Türkiye,GK,0,0,0,goalkeeping,urn:gd:story:classification:gcp_goalkeeping:competitionId:285023:goalkeeper_defensive_actions_inside_penalty_area:rank_asc:page:2,urn:gd:story:classification:gcp_goalkeeping:competitionId:285023:goalkeeper_defensive_actions_inside_penalty_area:rank_asc:page:2
423574,285023_43978,Alex Paulsen,New Zealand,GK,0,0,0,goalkeeping,urn:gd:story:classification:gcp_goalkeeping:competitionId:285023:goalkeeper_defensive_actions_inside_penalty_area:rank_asc:page:2,urn:gd:story:classification:gcp_goalkeeping:competitionId:285023:goalkeeper_defensive_actions_inside_penalty_area:rank_asc:page:2
385472,285023_44005,Botirali Ergashev,Uzbekistan,GK,0,0,0,goalkeeping,urn:gd:story:classification:gcp_goalkeeping:competitionId:285023:goalkeeper_defensive_actions_inside_penalty_area:rank_asc:page:2,urn:gd:story:classification:gcp_goalkeeping:competitionId:285023:goalkeeper_defensive_actions_inside_penalty_area:rank_asc:page:2
511118,285023_43995,Lukas Hornicek,Czechia,GK,0,0,0,goalkeeping,urn:gd:story:classification:gcp_goalkeeping:competitionId:285023:goalkeeper_defensive_actions_inside_penalty_area:rank_asc:page:2,urn:gd:story:classification:gcp_goalkeeping:competitionId:285023:goalkeeper_defensive_actions_inside_penalty_area:rank_asc:page:2
331135,285023_43976,Paul Izzo,Australia,GK,0,0,0,goalkeeping,urn:gd:story:classification:gcp_goalkeeping:competitionId:285023:goalkeeper_defensive_actions_inside_penalty_area:rank_asc:page:2,urn:gd:story:classification:gcp_goalkeeping:competitionId:285023:goalkeeper_defensive_actions_inside_penalty_area:rank_asc:page:2
447853,285023_43969,David Raya,Spain,GK,0,0,0,goalkeeping,urn:gd:story:classification:gcp_goalkeeping:competitionId:285023:goalkeeper_defensive_actions_inside_penalty_area:rank_asc:page:2,urn:gd:story:classification:gcp_goalkeeping:competitionId:285023:goalkeeper_defensive_actions_inside_penalty_area:rank_asc:page:2
448092,285023_43963,Rui Silva,Portugal,GK,0,0,0,goalkeeping,urn:gd:story:classification:gcp_goalkeeping:competitionId:285023:goalkeeper_defensive_actions_inside_penalty_area:rank_asc:page:2,urn:gd:story:classification:gcp_goalkeeping:competitionId:285023:goalkeeper_defensive_actions_inside_penalty_area:rank_asc:page:2
483471,285023_43946,Brice Samba,France,GK,0,0,0,goalkeeping,urn:gd:story:classification:gcp_goalkeeping:competitionId:285023:goalkeeper_defensive_actions_inside_penalty_area:rank_asc:page:2,urn:gd:story:classification:gcp_goalkeeping:competitionId:285023:goalkeeper_defensive_actions_inside_penalty_area:rank_asc:page:2
429639,285023_43948,Alexander Nuebel,Germany,GK,0,0,0,goalkeeping,urn:gd:story:classification:gcp_goalkeeping:competitionId:285023:goalkeeper_defensive_actions_inside_penalty_area:rank_asc:page:2,urn:gd:story:classification:gcp_goalkeeping:competitionId:285023:goalkeeper_defensive_actions_inside_penalty_area:rank_asc:page:2
520034,285023_43934,Florian Wiegele,Austria,GK,0,0,0,goalkeeping,urn:gd:story:classification:gcp_goalkeeping:competitionId:285023:goalkeeper_defensive_actions_inside_penalty_area:rank_asc:page:2,urn:gd:story:classification:gcp_goalkeeping:competitionId:285023:goalkeeper_defensive_actions_inside_penalty_area:rank_asc:page:2
514526,285023_43938,Ivor Pandur,Croatia,GK,0,0,0,goalkeeping,urn:gd:story:classification:gcp_goalkeeping:competitionId:285023:goalkeeper_defensive_actions_inside_penalty_area:rank_asc:page:2,urn:gd:story:classification:gcp_goalkeeping:competitionId:285023:goalkeeper_defensive_actions_inside_penalty_area:rank_asc:page:2
448179,285023_43938,Dominik Kotarski,Croatia,GK,0,0,0,goalkeeping,urn:gd:story:classification:gcp_goalkeeping:competitionId:285023:goalkeeper_defensive_actions_inside_penalty_area:rank_asc:page:2,urn:gd:story:classification:gcp_goalkeeping:competitionId:285023:goalkeeper_defensive_actions_inside_penalty_area:rank_asc:page:2
215553,285023_43967,Craig Gordon,Scotland,GK,0,0,0,goalkeeping,urn:gd:story:classification:gcp_goalkeeping:competitionId:285023:goalkeeper_defensive_actions_inside_penalty_area:rank_asc:page:2,urn:gd:story:classification:gcp_goalkeeping:competitionId:285023:goalkeeper_defensive_actions_inside_penalty_area:rank_asc:page:2
514479,285023_43961,Sander Tangvik,Norway,GK,0,0,0,goalkeeping,urn:gd:story:classification:gcp_goalkeeping:competitionId:285023:goalkeeper_defensive_actions_inside_penalty_area:rank_asc:page:2,urn:gd:story:classification:gcp_goalkeeping:competitionId:285023:goalkeeper_defensive_actions_inside_penalty_area:rank_asc:page:2
306538,285023_43948,Oliver Baumann,Germany,GK,0,0,0,goalkeeping,urn:gd:story:classification:gcp_goalkeeping:competitionId:285023:goalkeeper_defensive_actions_inside_penalty_area:rank_asc:page:2,urn:gd:story:classification:gcp_goalkeeping:competitionId:285023:goalkeeper_defensive_actions_inside_penalty_area:rank_asc:page:2
495348,285023_43935,Senne Lammens,Belgium,GK,0,0,0,goalkeeping,urn:gd:story:classification:gcp_goalkeeping:competitionId:285023:goalkeeper_defensive_actions_inside_penalty_area:rank_asc:page:2,urn:gd:story:classification:gcp_goalkeeping:competitionId:285023:goalkeeper_defensive_actions_inside_penalty_area:rank_asc:page:2
448151,285023_43960,Mark Flekken,Netherlands,GK,0,0,0,goalkeeping,urn:gd:story:classification:gcp_goalkeeping:competitionId:285023:goalkeeper_defensive_actions_inside_penalty_area:rank_asc:page:2,urn:gd:story:classification:gcp_goalkeeping:competitionId:285023:goalkeeper_defensive_actions_inside_penalty_area:rank_asc:page:2
441065,285023_43934,Patrick Pentz,Austria,GK,0,0,0,goalkeeping,urn:gd:story:classification:gcp_goalkeeping:competitionId:285023:goalkeeper_defensive_actions_inside_penalty_area:rank_asc:page:3,urn:gd:story:classification:gcp_goalkeeping:competitionId:285023:goalkeeper_defensive_actions_inside_penalty_area:rank_asc:page:3
403046,285023_43942,Dean Henderson,England,GK,0,0,0,goalkeeping,urn:gd:story:classification:gcp_goalkeeping:competitionId:285023:goalkeeper_defensive_actions_inside_penalty_area:rank_asc:page:3,urn:gd:story:classification:gcp_goalkeeping:competitionId:285023:goalkeeper_defensive_actions_inside_penalty_area:rank_asc:page:3
368689,285023_43963,Jose Sa,Portugal,GK,0,0,0,goalkeeping,urn:gd:story:classification:gcp_goalkeeping:competitionId:285023:goalkeeper_defensive_actions_inside_penalty_area:rank_asc:page:3,urn:gd:story:classification:gcp_goalkeeping:competitionId:285023:goalkeeper_defensive_actions_inside_penalty_area:rank_asc:page:3
506028,285023_43960,Robin Roefs,Netherlands,GK,0,0,0,goalkeeping,urn:gd:story:classification:gcp_goalkeeping:competitionId:285023:goalkeeper_defensive_actions_inside_penalty_area:rank_asc:page:3,urn:gd:story:classification:gcp_goalkeeping:competitionId:285023:goalkeeper_defensive_actions_inside_penalty_area:rank_asc:page:3
499803,285023_43935,Mike Penders,Belgium,GK,0,0,0,goalkeeping,urn:gd:story:classification:gcp_goalkeeping:competitionId:285023:goalkeeper_defensive_actions_inside_penalty_area:rank_asc:page:3,urn:gd:story:classification:gcp_goalkeeping:competitionId:285023:goalkeeper_defensive_actions_inside_penalty_area:rank_asc:page:3
485080,285023_43942,James Trafford,England,GK,0,0,0,goalkeeping,urn:gd:story:classification:gcp_goalkeeping:competitionId:285023:goalkeeper_defensive_actions_inside_penalty_area:rank_asc:page:3,urn:gd:story:classification:gcp_goalkeeping:competitionId:285023:goalkeeper_defensive_actions_inside_penalty_area:rank_asc:page:3
464127,285023_43946,Robin Risser,France,GK,0,0,0,goalkeeping,urn:gd:story:classification:gcp_goalkeeping:competitionId:285023:goalkeeper_defensive_actions_inside_penalty_area:rank_asc:page:3,urn:gd:story:classification:gcp_goalkeeping:competitionId:285023:goalkeeper_defensive_actions_inside_penalty_area:rank_asc:page:3
491228,285023_44037,Martin Zlomislic,Bosnia and Herzegovina,GK,0,0,0,goalkeeping,urn:gd:story:classification:gcp_goalkeeping:competitionId:285023:goalkeeper_defensive_actions_inside_penalty_area:rank_asc:page:3,urn:gd:story:classification:gcp_goalkeeping:competitionId:285023:goalkeeper_defensive_actions_inside_penalty_area:rank_asc:page:3
466370,285023_1895293,Tyrick Bodak,Curaçao,GK,0,0,0,goalkeeping,urn:gd:story:classification:gcp_goalkeeping:competitionId:285023:goalkeeper_defensive_actions_inside_penalty_area:rank_asc:page:3,urn:gd:story:classification:gcp_goalkeeping:competitionId:285023:goalkeeper_defensive_actions_inside_penalty_area:rank_asc:page:3
466382,285023_1895293,Trevor Doornbusch,Curaçao,GK,0,0,0,goalkeeping,urn:gd:story:classification:gcp_goalkeeping:competitionId:285023:goalkeeper_defensive_actions_inside_penalty_area:rank_asc:page:3,urn:gd:story:classification:gcp_goalkeeping:competitionId:285023:goalkeeper_defensive_actions_inside_penalty_area:rank_asc:page:3
522842,285023_44037,Mladen Jurkas,Bosnia and Herzegovina,GK,0,0,0,goalkeeping,urn:gd:story:classification:gcp_goalkeeping:competitionId:285023:goalkeeper_defensive_actions_inside_penalty_area:rank_asc:page:3,urn:gd:story:classification:gcp_goalkeeping:competitionId:285023:goalkeeper_defensive_actions_inside_penalty_area:rank_asc:page:3
494246,285023_43883,Sipho Chaine,South Africa,GK,0,0,0,goalkeeping,urn:gd:story:classification:gcp_goalkeeping:competitionId:285023:goalkeeper_defensive_actions_inside_penalty_area:rank_asc:page:3,urn:gd:story:classification:gcp_goalkeeping:competitionId:285023:goalkeeper_defensive_actions_inside_penalty_area:rank_asc:page:3
494277,285023_43879,Yehvann Diouf,Senegal,GK,0,0,0,goalkeeping,urn:gd:story:classification:gcp_goalkeeping:competitionId:285023:goalkeeper_defensive_actions_inside_penalty_area:rank_asc:page:3,urn:gd:story:classification:gcp_goalkeeping:competitionId:285023:goalkeeper_defensive_actions_inside_penalty_area:rank_asc:page:3
463817,285023_43899,Owen Goodman,Canada,GK,0,0,0,goalkeeping,urn:gd:story:classification:gcp_goalkeeping:competitionId:285023:goalkeeper_defensive_actions_inside_penalty_area:rank_asc:page:3,urn:gd:story:classification:gcp_goalkeeping:competitionId:285023:goalkeeper_defensive_actions_inside_penalty_area:rank_asc:page:3
441255,285023_43899,Dayne St Clair,Canada,GK,0,0,0,goalkeeping,urn:gd:story:classification:gcp_goalkeeping:competitionId:285023:goalkeeper_defensive_actions_inside_penalty_area:rank_asc:page:3,urn:gd:story:classification:gcp_goalkeeping:competitionId:285023:goalkeeper_defensive_actions_inside_penalty_area:rank_asc:page:3
486259,285023_43854,Mohamed Kone,Côte d'Ivoire,GK,0,0,0,goalkeeping,urn:gd:story:classification:gcp_goalkeeping:competitionId:285023:goalkeeper_defensive_actions_inside_penalty_area:rank_asc:page:3,urn:gd:story:classification:gcp_goalkeeping:competitionId:285023:goalkeeper_defensive_actions_inside_penalty_area:rank_asc:page:3
395059,285023_43883,Ricardo Goss,South Africa,GK,0,0,0,goalkeeping,urn:gd:story:classification:gcp_goalkeeping:competitionId:285023:goalkeeper_defensive_actions_inside_penalty_area:rank_asc:page:3,urn:gd:story:classification:gcp_goalkeeping:competitionId:285023:goalkeeper_defensive_actions_inside_penalty_area:rank_asc:page:3
371553,285023_43872,Ahmed Reda Tagnaouti,Morocco,GK,0,0,0,goalkeeping,urn:gd:story:classification:gcp_goalkeeping:competitionId:285023:goalkeeper_defensive_actions_inside_penalty_area:rank_asc:page:3,urn:gd:story:classification:gcp_goalkeeping:competitionId:285023:goalkeeper_defensive_actions_inside_penalty_area:rank_asc:page:3
395860,285023_43855,Mahdy Soliman,Egypt,GK,0,0,0,goalkeeping,urn:gd:story:classification:gcp_goalkeeping:competitionId:285023:goalkeeper_defensive_actions_inside_penalty_area:rank_asc:page:3,urn:gd:story:classification:gcp_goalkeeping:competitionId:285023:goalkeeper_defensive_actions_inside_penalty_area:rank_asc:page:3
506277,285023_43860,Joseph Anang,Ghana,GK,0,0,0,goalkeeping,urn:gd:story:classification:gcp_goalkeeping:competitionId:285023:goalkeeper_defensive_actions_inside_penalty_area:rank_asc:page:3,urn:gd:story:classification:gcp_goalkeeping:competitionId:285023:goalkeeper_defensive_actions_inside_penalty_area:rank_asc:page:3
408948,285023_43855,Mohamed Elshenawy,Egypt,GK,0,0,0,goalkeeping,urn:gd:story:classification:gcp_goalkeeping:competitionId:285023:goalkeeper_defensive_actions_inside_penalty_area:rank_asc:page:3,urn:gd:story:classification:gcp_goalkeeping:competitionId:285023:goalkeeper_defensive_actions_inside_penalty_area:rank_asc:page:3
395755,285023_43872,Munir El Kajoui,Morocco,GK,0,0,0,goalkeeping,urn:gd:story:classification:gcp_goalkeeping:competitionId:285023:goalkeeper_defensive_actions_inside_penalty_area:rank_asc:page:3,urn:gd:story:classification:gcp_goalkeeping:competitionId:285023:goalkeeper_defensive_actions_inside_penalty_area:rank_asc:page:3
403090,285023_43854,Alban Lafont,Côte d'Ivoire,GK,0,0,0,goalkeeping,urn:gd:story:classification:gcp_goalkeeping:competitionId:285023:goalkeeper_defensive_actions_inside_penalty_area:rank_asc:page:3,urn:gd:story:classification:gcp_goalkeeping:competitionId:285023:goalkeeper_defensive_actions_inside_penalty_area:rank_asc:page:3
466835,285023_43908,Alexandre Pierre,Haiti,GK,0,0,0,goalkeeping,urn:gd:story:classification:gcp_goalkeeping:competitionId:285023:goalkeeper_defensive_actions_inside_penalty_area:rank_asc:page:3,urn:gd:story:classification:gcp_goalkeeping:competitionId:285023:goalkeeper_defensive_actions_inside_penalty_area:rank_asc:page:3
372294,285023_43888,Sabri Ben Hessen,Tunisia,GK,0,0,0,goalkeeping,urn:gd:story:classification:gcp_goalkeeping:competitionId:285023:goalkeeper_defensive_actions_inside_penalty_area:rank_asc:page:3,urn:gd:story:classification:gcp_goalkeeping:competitionId:285023:goalkeeper_defensive_actions_inside_penalty_area:rank_asc:page:3
466853,285023_43908,Josue Duverger,Haiti,GK,0,0,0,goalkeeping,urn:gd:story:classification:gcp_goalkeeping:competitionId:285023:goalkeeper_defensive_actions_inside_penalty_area:rank_asc:page:3,urn:gd:story:classification:gcp_goalkeeping:competitionId:285023:goalkeeper_defensive_actions_inside_penalty_area:rank_asc:page:3
512079,285023_43855,Mohamed Alaa,Egypt,GK,0,0,0,goalkeeping,urn:gd:story:classification:gcp_goalkeeping:competitionId:285023:goalkeeper_defensive_actions_inside_penalty_area:rank_asc:page:3,urn:gd:story:classification:gcp_goalkeeping:competitionId:285023:goalkeeper_defensive_actions_inside_penalty_area:rank_asc:page:3
486196,285023_20014,Timothy Fayulu,Congo DR,GK,0,0,0,goalkeeping,urn:gd:story:classification:gcp_goalkeeping:competitionId:285023:goalkeeper_defensive_actions_inside_penalty_area:rank_asc:page:3,urn:gd:story:classification:gcp_goalkeeping:competitionId:285023:goalkeeper_defensive_actions_inside_penalty_area:rank_asc:page:3
448507,285023_43817,Payam Niazmand,IR Iran,GK,0,0,0,goalkeeping,urn:gd:story:classification:gcp_goalkeeping:competitionId:285023:goalkeeper_defensive_actions_inside_penalty_area:rank_asc:page:3,urn:gd:story:classification:gcp_goalkeeping:competitionId:285023:goalkeeper_defensive_actions_inside_penalty_area:rank_asc:page:3
314255,285023_43817,Hossein Hosseini,IR Iran,GK,0,0,0,goalkeeping,urn:gd:story:classification:gcp_goalkeeping:competitionId:285023:goalkeeper_defensive_actions_inside_penalty_area:rank_asc:page:3,urn:gd:story:classification:gcp_goalkeeping:competitionId:285023:goalkeeper_defensive_actions_inside_penalty_area:rank_asc:page:3
514171,285023_20014,Matthieu Epolo,Congo DR,GK,0,0,0,goalkeeping,urn:gd:story:classification:gcp_goalkeeping:competitionId:285023:goalkeeper_defensive_actions_inside_penalty_area:rank_asc:page:3,urn:gd:story:classification:gcp_goalkeeping:competitionId:285023:goalkeeper_defensive_actions_inside_penalty_area:rank_asc:page:3
406281,285023_43850,Cj Dos Santos,Cabo Verde,GK,0,0,0,goalkeeping,urn:gd:story:classification:gcp_goalkeeping:competitionId:285023:goalkeeper_defensive_actions_inside_penalty_area:rank_asc:page:3,urn:gd:story:classification:gcp_goalkeeping:competitionId:285023:goalkeeper_defensive_actions_inside_penalty_area:rank_asc:page:3
339746,285023_43835,Ahmed Alkassar,Saudi Arabia,GK,0,0,0,goalkeeping,urn:gd:story:classification:gcp_goalkeeping:competitionId:285023:goalkeeper_defensive_actions_inside_penalty_area:rank_asc:page:3,urn:gd:story:classification:gcp_goalkeeping:competitionId:285023:goalkeeper_defensive_actions_inside_penalty_area:rank_asc:page:3
419287,285023_43835,Nawaf Alaqidi,Saudi Arabia,GK,0,0,0,goalkeeping,urn:gd:story:classification:gcp_goalkeeping:competitionId:285023:goalkeeper_defensive_actions_inside_penalty_area:rank_asc:page:3,urn:gd:story:classification:gcp_goalkeeping:competitionId:285023:goalkeeper_defensive_actions_inside_penalty_area:rank_asc:page:3
520070,285023_43843,Melvin Mastil,Algeria,GK,0,0,0,goalkeeping,urn:gd:story:classification:gcp_goalkeeping:competitionId:285023:goalkeeper_defensive_actions_inside_penalty_area:rank_asc:page:3,urn:gd:story:classification:gcp_goalkeeping:competitionId:285023:goalkeeper_defensive_actions_inside_penalty_area:rank_asc:page:3
402820,285023_43822,Song Bumkeun,Korea Republic,GK,0,0,0,goalkeeping,urn:gd:story:classification:gcp_goalkeeping:competitionId:285023:goalkeeper_defensive_actions_inside_penalty_area:rank_asc:page:3,urn:gd:story:classification:gcp_goalkeeping:competitionId:285023:goalkeeper_defensive_actions_inside_penalty_area:rank_asc:page:3
403305,285023_43819,Keisuke Osako,Japan,GK,0,0,0,goalkeeping,urn:gd:story:classification:gcp_goalkeeping:competitionId:285023:goalkeeper_defensive_actions_inside_penalty_area:rank_asc:page:3,urn:gd:story:classification:gcp_goalkeeping:competitionId:285023:goalkeeper_defensive_actions_inside_penalty_area:rank_asc:page:3
419461,285023_43834,Salah Zakaria,Qatar,GK,0,0,0,goalkeeping,urn:gd:story:classification:gcp_goalkeeping:competitionId:285023:goalkeeper_defensive_actions_inside_penalty_area:rank_asc:page:3,urn:gd:story:classification:gcp_goalkeeping:competitionId:285023:goalkeeper_defensive_actions_inside_penalty_area:rank_asc:page:3
416056,285023_43834,Meshaal Barsham,Qatar,GK,0,0,0,goalkeeping,urn:gd:story:classification:gcp_goalkeeping:competitionId:285023:goalkeeper_defensive_actions_inside_penalty_area:rank_asc:page:3,urn:gd:story:classification:gcp_goalkeeping:competitionId:285023:goalkeeper_defensive_actions_inside_penalty_area:rank_asc:page:3
511710,285023_43819,Tomoki Hayakawa,Japan,GK,0,0,0,goalkeeping,urn:gd:story:classification:gcp_goalkeeping:competitionId:285023:goalkeeper_defensive_actions_inside_penalty_area:rank_asc:page:3,urn:gd:story:classification:gcp_goalkeeping:competitionId:285023:goalkeeper_defensive_actions_inside_penalty_area:rank_asc:page:3
397753,285023_43822,Jo Hyeonwoo,Korea Republic,GK,0,0,0,goalkeeping,urn:gd:story:classification:gcp_goalkeeping:competitionId:285023:goalkeeper_defensive_actions_inside_penalty_area:rank_asc:page:3,urn:gd:story:classification:gcp_goalkeeping:competitionId:285023:goalkeeper_defensive_actions_inside_penalty_area:rank_asc:page:3
483127,285023_43820,Nour Baniateyah,Jordan,GK,0,0,0,goalkeeping,urn:gd:story:classification:gcp_goalkeeping:competitionId:285023:goalkeeper_defensive_actions_inside_penalty_area:rank_asc:page:3,urn:gd:story:classification:gcp_goalkeeping:competitionId:285023:goalkeeper_defensive_actions_inside_penalty_area:rank_asc:page:3
431223,285023_43820,Abdallah Alfakhori,Jordan,GK,0,0,0,goalkeeping,urn:gd:story:classification:gcp_goalkeeping:competitionId:285023:goalkeeper_defensive_actions_inside_penalty_area:rank_asc:page:3,urn:gd:story:classification:gcp_goalkeeping:competitionId:285023:goalkeeper_defensive_actions_inside_penalty_area:rank_asc:page:3
368744,285023_43818,Fahad Talib,Iraq,GK,0,0,0,goalkeeping,urn:gd:story:classification:gcp_goalkeeping:competitionId:285023:goalkeeper_defensive_actions_inside_penalty_area:rank_asc:page:3,urn:gd:story:classification:gcp_goalkeeping:competitionId:285023:goalkeeper_defensive_actions_inside_penalty_area:rank_asc:page:3
407114,285023_43850,Marcio Rosa,Cabo Verde,GK,0,0,0,goalkeeping,urn:gd:story:classification:gcp_goalkeeping:competitionId:285023:goalkeeper_defensive_actions_inside_penalty_area:rank_asc:page:3,urn:gd:story:classification:gcp_goalkeeping:competitionId:285023:goalkeeper_defensive_actions_inside_penalty_area:rank_asc:page:3
